2020/03/18 08:57:41 MDT,3.6,8.3
2020/03/18 07:36:38 MDT,3.5,9.6
2020/03/21 10:59:31 MDT,3.4,10.3
2020/03/18 13:07:30 MDT,3.4,9
2020/03/18 08:06:12 MDT,3.4,8.1
2020/03/18 08:05:04 MDT,3.4,7.6
2020/03/18 07:16:38 MDT,3.4,9.6
2020/03/18 07:15:55 MDT,3.4,8.3
2020/03/26 10:12:43 MDT,3.2,5.1
2020/03/19 06:44:47 MDT,3.2,9.2
2020/03/18 07:18:28 MDT,3.2,7.6
2020/03/24 05:42:09 MDT,3.1,9.1
2020/03/19 06:45:03 MDT,3.1,9.1
2020/03/18 11:17:10 MDT,3.1,8.7
2020/03/18 11:16:49 MDT,3.1,8.3
2020/03/18 07:48:01 MDT,3.1,10
2020/03/18 07:31:18 MDT,3.1,8.5
2020/03/18 07:29:55 MDT,3.1,9.7
2020/03/18 07:16:03 MDT,3.1,6
2020/03/26 10:21:56 MDT,3,3.6
2020/03/18 20:34:19 MDT,3,8.7
2020/03/18 12:30:44 MDT,3,9.1
2020/03/18 08:07:53 MDT,3,7.7
2020/03/23 08:12:50 MDT,2.9,10.7
2020/03/21 03:06:40 MDT,2.9,9.9
2020/03/19 07:52:26 MDT,2.9,9.1
2020/03/18 15:11:10 MDT,2.9,11.1
2020/03/18 08:33:53 MDT,2.9,10.1
2020/03/22 09:50:15 MDT,2.8,9.4
2020/03/18 15:22:58 MDT,2.8,9.2
2020/03/18 13:35:37 MDT,2.8,8.8
2020/03/18 07:14:05 MDT,2.8,9.3
2020/03/19 12:16:39 MDT,2.7,11.1
2020/03/18 09:39:24 MDT,2.7,7.9
2020/03/18 08:46:17 MDT,2.7,8.9
2020/03/18 08:10:52 MDT,2.7,6.6
2020/03/18 08:01:04 MDT,2.7,10
2020/03/16 19:17:29 MDT,2.7,3.8
2020/03/14 10:08:53 MDT,2.7,3.6
2020/03/18 13:20:37 MDT,2.6,8.8
2020/03/18 13:15:39 MDT,2.6,7.4
2020/03/18 11:13:48 MDT,2.6,8
2020/03/18 09:47:40 MDT,2.6,7.9
2020/03/18 09:46:55 MDT,2.6,8.5
2020/03/20 19:27:51 MDT,2.5,10.1
2020/03/19 19:36:52 MDT,2.5,12.6
2020/03/18 11:18:24 MDT,2.5,9.5
2020/03/18 10:47:47 MDT,2.5,8.4
2020/03/18 09:58:29 MDT,2.5,9.3
2020/03/18 09:00:45 MDT,2.5,7.8
2020/03/18 08:52:40 MDT,2.5,8.4
2020/03/18 08:01:04 MDT,2.5,10
2020/03/18 07:39:09 MDT,2.5,6.9
2020/03/18 07:27:20 MDT,2.5,7.5
2020/03/14 09:15:02 MDT,2.5,3
2020/03/13 10:56:35 MDT,2.5,6.5
2020/03/23 09:09:04 MDT,2.4,6
2020/03/21 08:15:56 MDT,2.4,10.2
2020/03/20 08:01:08 MDT,2.4,8.3
2020/03/19 07:58:57 MDT,2.4,8.2
2020/03/18 13:22:40 MDT,2.4,6.8
2020/03/18 11:37:06 MDT,2.4,8
2020/03/18 09:24:25 MDT,2.4,7.9
2020/03/18 09:10:49 MDT,2.4,9.1
2020/03/18 07:54:41 MDT,2.4,9
2020/03/18 07:33:37 MDT,2.4,6.7
2020/03/18 07:20:21 MDT,2.4,7.7
2020/03/26 05:56:12 MDT,2.3,4.8
2020/03/23 12:42:18 MDT,2.3,10.3
2020/03/20 19:10:45 MDT,2.3,9.9
2020/03/20 16:32:11 MDT,2.3,7
2020/03/19 22:20:46 MDT,2.3,9.8
2020/03/19 06:33:15 MDT,2.3,8.1
2020/03/19 03:12:29 MDT,2.3,9.9
2020/03/18 19:53:48 MDT,2.3,10.3
2020/03/18 17:15:13 MDT,2.3,9.1
2020/03/18 13:37:26 MDT,2.3,8.2
2020/03/18 12:54:22 MDT,2.3,9.9
2020/03/18 11:43:29 MDT,2.3,8.7
2020/03/18 11:08:17 MDT,2.3,9.8
2020/03/18 09:23:45 MDT,2.3,8.6
2020/03/18 09:01:47 MDT,2.3,8.6
2020/03/18 07:52:03 MDT,2.3,8.1
2020/03/18 07:42:48 MDT,2.3,8.9
2020/03/18 07:26:19 MDT,2.3,8.1
2020/03/13 23:06:46 MDT,2.3,5
2020/03/22 02:31:36 MDT,2.2,9.2
2020/03/20 16:31:55 MDT,2.2,6.5
2020/03/20 02:54:04 MDT,2.2,7.4
2020/03/18 23:04:06 MDT,2.2,9.6
2020/03/18 13:58:36 MDT,2.2,9.9
2020/03/18 13:55:51 MDT,2.2,9.8
2020/03/18 10:59:02 MDT,2.2,6.9
2020/03/18 10:50:38 MDT,2.2,6.3
2020/03/18 09:09:42 MDT,2.2,10.1
2020/03/18 08:41:58 MDT,2.2,8.9
2020/03/18 07:54:29 MDT,2.2,10
2020/03/18 07:46:53 MDT,2.2,6.9
2020/03/18 07:44:01 MDT,2.2,9.6
2020/03/18 07:42:24 MDT,2.2,9.8
2020/03/18 07:21:16 MDT,2.2,8.3
2020/03/26 08:56:49 MDT,2.1,10.5
2020/03/26 03:35:35 MDT,2.1,9.6
2020/03/25 12:54:59 MDT,2.1,9
2020/03/24 09:09:32 MDT,2.1,5.9
2020/03/24 06:12:15 MDT,2.1,8.3
2020/03/22 02:57:14 MDT,2.1,11
2020/03/19 23:02:02 MDT,2.1,10.4
2020/03/18 20:42:25 MDT,2.1,8.4
2020/03/18 16:46:29 MDT,2.1,8.2
2020/03/18 13:20:21 MDT,2.1,5.7
2020/03/18 11:57:37 MDT,2.1,8.6
2020/03/18 10:36:40 MDT,2.1,8.2
2020/03/18 08:22:22 MDT,2.1,2.1
2020/03/18 08:21:55 MDT,2.1,6.5
2020/03/18 07:50:25 MDT,2.1,9.8
2020/03/18 07:50:15 MDT,2.1,9.5
2020/03/14 10:07:38 MDT,2.1,10.3
2020/03/13 17:45:33 MDT,2.1,11.6
2020/03/26 10:16:39 MDT,2,5.5
2020/03/25 21:08:54 MDT,2,-3.4
2020/03/24 19:42:25 MDT,2,3.9
2020/03/24 02:32:35 MDT,2,11.4
2020/03/22 20:21:21 MDT,2,7.6
2020/03/20 04:58:08 MDT,2,7.2
2020/03/18 22:21:12 MDT,2,8.4
2020/03/18 17:33:49 MDT,2,7.3
2020/03/18 15:41:24 MDT,2,-2.4
2020/03/18 13:52:00 MDT,2,9.4
2020/03/18 12:13:43 MDT,2,8.7
2020/03/18 12:11:09 MDT,2,9.8
2020/03/18 11:50:58 MDT,2,7.6
2020/03/18 10:54:57 MDT,2,9.1
2020/03/18 10:51:51 MDT,2,6
2020/03/18 10:43:03 MDT,2,9.3
2020/03/18 10:27:51 MDT,2,5.8
2020/03/18 10:02:40 MDT,2,8.1
2020/03/18 09:49:31 MDT,2,9.7
2020/03/18 09:30:18 MDT,2,9.3
2020/03/18 09:19:50 MDT,2,8.2
2020/03/18 09:15:07 MDT,2,6.8
2020/03/18 09:02:28 MDT,2,8.5
2020/03/18 09:00:26 MDT,2,8.5
2020/03/18 08:13:10 MDT,2,5.7
2020/03/18 07:57:32 MDT,2,7.5
2020/03/18 07:49:39 MDT,2,6.7
2020/03/18 07:42:35 MDT,2,8.9
2020/03/18 07:41:02 MDT,2,7.9
2020/03/18 07:40:27 MDT,2,9.6
2020/03/18 07:36:24 MDT,2,8.1
2020/03/18 07:35:15 MDT,2,8.3
2020/03/15 07:08:47 MDT,2,-0.9
2020/03/26 09:02:05 MDT,1.9,4.6
2020/03/23 09:19:45 MDT,1.9,9
2020/03/21 21:44:52 MDT,1.9,10.4
2020/03/21 20:56:35 MDT,1.9,6.8
2020/03/20 15:41:55 MDT,1.9,8
2020/03/19 22:52:22 MDT,1.9,7.8
2020/03/19 18:55:22 MDT,1.9,7.7
2020/03/19 11:11:06 MDT,1.9,6.9
2020/03/19 07:24:01 MDT,1.9,10
2020/03/18 23:04:54 MDT,1.9,9
2020/03/18 21:58:53 MDT,1.9,7.9
2020/03/18 19:54:58 MDT,1.9,8
2020/03/18 18:44:47 MDT,1.9,8.9
2020/03/18 17:00:35 MDT,1.9,9.5
2020/03/18 13:40:12 MDT,1.9,6.6
2020/03/18 13:30:26 MDT,1.9,10.1
2020/03/18 12:04:13 MDT,1.9,8.1
2020/03/18 11:20:42 MDT,1.9,6.5
2020/03/18 10:50:15 MDT,1.9,7.5
2020/03/18 10:48:37 MDT,1.9,7.2
2020/03/18 10:48:18 MDT,1.9,8.6
2020/03/18 09:50:37 MDT,1.9,7.8
2020/03/18 08:15:04 MDT,1.9,7.3
2020/03/18 07:56:32 MDT,1.9,7.9
2020/03/18 07:47:44 MDT,1.9,8.9
2020/03/18 07:40:18 MDT,1.9,6.2
2020/03/18 07:39:50 MDT,1.9,8
2020/03/17 10:05:13 MDT,1.9,-1.9
2020/03/14 21:55:13 MDT,1.9,7.7
2020/03/25 01:54:34 MDT,1.8,-2.2
2020/03/23 00:37:02 MDT,1.8,8.9
2020/03/23 00:35:18 MDT,1.8,10.1
2020/03/22 23:39:32 MDT,1.8,8.6
2020/03/21 00:22:23 MDT,1.8,9.9
2020/03/19 22:20:23 MDT,1.8,9.7
2020/03/19 01:40:45 MDT,1.8,9.1
2020/03/19 00:10:30 MDT,1.8,10.2
2020/03/18 21:29:19 MDT,1.8,8.5
2020/03/18 16:43:45 MDT,1.8,7
2020/03/18 16:27:53 MDT,1.8,8.2
2020/03/18 15:33:38 MDT,1.8,7.9
2020/03/18 14:20:14 MDT,1.8,8.3
2020/03/18 14:05:02 MDT,1.8,9.9
2020/03/18 13:44:12 MDT,1.8,5.8
2020/03/18 13:11:36 MDT,1.8,-0.1
2020/03/18 12:27:06 MDT,1.8,8.3
2020/03/18 11:00:02 MDT,1.8,7.7
2020/03/18 10:46:15 MDT,1.8,6.7
2020/03/18 10:41:56 MDT,1.8,3.8
2020/03/18 10:21:21 MDT,1.8,9.7
2020/03/18 09:51:43 MDT,1.8,9
2020/03/18 09:50:28 MDT,1.8,8.8
2020/03/18 09:28:54 MDT,1.8,7.7
2020/03/18 09:12:26 MDT,1.8,7
2020/03/18 08:47:33 MDT,1.8,4.8
2020/03/18 08:17:01 MDT,1.8,4
2020/03/18 08:01:46 MDT,1.8,9.5
2020/03/18 07:43:26 MDT,1.8,7.1
2020/03/16 20:47:35 MDT,1.8,5.8
2020/03/25 05:54:29 MDT,1.7,11.4
2020/03/25 02:55:01 MDT,1.7,5.3
2020/03/24 13:48:12 MDT,1.7,-2.2
2020/03/23 17:42:13 MDT,1.7,-3.4
2020/03/23 12:07:26 MDT,1.7,2.6
2020/03/23 00:34:43 MDT,1.7,9
2020/03/22 19:19:54 MDT,1.7,8.9
2020/03/22 07:59:47 MDT,1.7,9.6
2020/03/22 02:54:18 MDT,1.7,8.4
2020/03/21 22:41:36 MDT,1.7,9.7
2020/03/20 10:13:04 MDT,1.7,8.1
2020/03/19 23:35:04 MDT,1.7,8.7
2020/03/19 20:51:14 MDT,1.7,8.5
2020/03/19 19:10:49 MDT,1.7,7.9
2020/03/19 19:01:48 MDT,1.7,5.9
2020/03/19 14:28:07 MDT,1.7,6.2
2020/03/19 11:18:44 MDT,1.7,8.3
2020/03/19 10:12:25 MDT,1.7,7.2
2020/03/19 00:41:01 MDT,1.7,9.5
2020/03/18 22:13:35 MDT,1.7,9.9
2020/03/18 20:53:09 MDT,1.7,9
2020/03/18 20:52:34 MDT,1.7,10.1
2020/03/18 18:26:25 MDT,1.7,11
2020/03/18 18:04:51 MDT,1.7,9.5
2020/03/18 14:28:02 MDT,1.7,8.6
2020/03/18 11:40:32 MDT,1.7,8.3
2020/03/18 11:04:06 MDT,1.7,7.5
2020/03/18 10:56:22 MDT,1.7,6.4
2020/03/18 10:24:37 MDT,1.7,7.7
2020/03/18 09:53:40 MDT,1.7,6.9
2020/03/18 09:32:18 MDT,1.7,7.3
2020/03/18 09:29:38 MDT,1.7,9.2
2020/03/18 09:00:16 MDT,1.7,7.9
2020/03/18 08:21:27 MDT,1.7,6.1
2020/03/18 08:20:47 MDT,1.7,5.9
2020/03/18 08:00:24 MDT,1.7,9.1
2020/03/13 10:07:02 MDT,1.7,5.6
2020/03/12 02:51:35 MDT,1.7,10.2
2020/03/25 20:05:59 MDT,1.6,9.8
2020/03/21 00:50:46 MDT,1.6,8.7
2020/03/21 00:17:56 MDT,1.6,9.9
2020/03/20 21:44:14 MDT,1.6,7.8
2020/03/19 23:48:01 MDT,1.6,7.8
2020/03/19 21:23:33 MDT,1.6,7.8
2020/03/19 20:16:30 MDT,1.6,5.3
2020/03/19 13:40:14 MDT,1.6,8.6
2020/03/19 10:35:13 MDT,1.6,8.2
2020/03/19 08:30:24 MDT,1.6,6.9
2020/03/19 04:55:53 MDT,1.6,9.3
2020/03/19 03:31:42 MDT,1.6,8.7
2020/03/19 03:23:02 MDT,1.6,8.9
2020/03/18 20:41:20 MDT,1.6,10
2020/03/18 13:46:13 MDT,1.6,7.1
2020/03/18 13:31:32 MDT,1.6,8.8
2020/03/18 13:18:52 MDT,1.6,6.6
2020/03/18 12:26:49 MDT,1.6,6.8
2020/03/18 11:27:23 MDT,1.6,6.4
2020/03/18 11:21:36 MDT,1.6,6.3
2020/03/18 10:21:31 MDT,1.6,6.1
2020/03/18 10:19:54 MDT,1.6,8.4
2020/03/18 10:15:33 MDT,1.6,5.1
2020/03/18 10:12:28 MDT,1.6,9.8
2020/03/18 09:54:12 MDT,1.6,6.4
2020/03/18 09:46:50 MDT,1.6,7.4
2020/03/18 09:46:44 MDT,1.6,8.8
2020/03/18 09:45:13 MDT,1.6,6.2
2020/03/18 09:44:08 MDT,1.6,6.6
2020/03/18 09:37:50 MDT,1.6,8
2020/03/18 09:25:55 MDT,1.6,8.2
2020/03/18 08:43:27 MDT,1.6,8.3
2020/03/18 08:38:10 MDT,1.6,5.6
2020/03/18 08:28:49 MDT,1.6,6.2
2020/03/18 08:20:00 MDT,1.6,10.3
2020/03/18 08:19:35 MDT,1.6,5.9
2020/03/18 08:16:10 MDT,1.6,1.1
2020/03/18 07:59:30 MDT,1.6,10
2020/03/18 07:41:52 MDT,1.6,8.6
2020/03/17 02:57:26 MDT,1.6,6.4
2020/03/16 07:23:19 MDT,1.6,0.6
2020/03/13 09:45:06 MDT,1.6,8.7
2020/03/12 00:10:48 MDT,1.6,13.1
2020/03/23 17:11:39 MDT,1.5,9.6
2020/03/23 12:18:06 MDT,1.5,9.3
2020/03/23 10:40:48 MDT,1.5,8.5
2020/03/22 20:36:17 MDT,1.5,7.7
2020/03/22 14:55:02 MDT,1.5,11.6
2020/03/22 07:11:14 MDT,1.5,11.9
2020/03/21 05:58:49 MDT,1.5,9.6
2020/03/20 20:40:01 MDT,1.5,8.9
2020/03/20 05:17:13 MDT,1.5,7.2
2020/03/20 01:31:20 MDT,1.5,7.7
2020/03/19 23:03:06 MDT,1.5,10.2
2020/03/19 15:50:09 MDT,1.5,7.5
2020/03/19 12:46:26 MDT,1.5,5.7
2020/03/19 11:53:23 MDT,1.5,6.5
2020/03/19 08:16:53 MDT,1.5,10.4
2020/03/19 07:07:52 MDT,1.5,9.1
2020/03/19 05:50:18 MDT,1.5,8.6
2020/03/18 23:41:40 MDT,1.5,9.8
2020/03/18 19:28:57 MDT,1.5,9.6
2020/03/18 16:53:44 MDT,1.5,9.3
2020/03/18 14:42:52 MDT,1.5,8.7
2020/03/18 14:22:20 MDT,1.5,7.8
2020/03/18 11:56:29 MDT,1.5,9.2
2020/03/18 10:25:26 MDT,1.5,8.8
2020/03/18 10:14:46 MDT,1.5,9.7
2020/03/18 10:10:07 MDT,1.5,7.3
2020/03/18 09:59:22 MDT,1.5,7.1
2020/03/18 08:51:47 MDT,1.5,2.9
2020/03/18 08:46:06 MDT,1.5,8.4
2020/03/18 08:45:44 MDT,1.5,9
2020/03/18 08:36:26 MDT,1.5,4.9
2020/03/18 08:35:27 MDT,1.5,3.3
2020/03/18 08:28:16 MDT,1.5,3.3
2020/03/16 14:36:22 MDT,1.5,10.8
2020/03/14 06:00:14 MDT,1.5,3.1
2020/03/12 02:51:35 MDT,1.5,10.8
2020/03/24 12:27:57 MDT,1.4,8.3
2020/03/24 08:15:34 MDT,1.4,5.3
2020/03/24 07:27:07 MDT,1.4,-0.1
2020/03/24 05:04:50 MDT,1.4,6.6
2020/03/23 17:17:20 MDT,1.4,12.6
2020/03/23 12:40:06 MDT,1.4,10.4
2020/03/23 02:34:38 MDT,1.4,8.7
2020/03/22 20:17:30 MDT,1.4,7.2
2020/03/22 18:27:12 MDT,1.4,10.5
2020/03/22 04:03:54 MDT,1.4,7.4
2020/03/21 18:38:13 MDT,1.4,5
2020/03/21 15:44:44 MDT,1.4,8.5
2020/03/21 11:21:23 MDT,1.4,8
2020/03/21 02:19:00 MDT,1.4,9.7
2020/03/20 20:04:22 MDT,1.4,1.7
2020/03/20 19:31:50 MDT,1.4,8.7
2020/03/20 19:03:08 MDT,1.4,2
2020/03/20 18:15:38 MDT,1.4,11.4
2020/03/20 07:53:39 MDT,1.4,8.6
2020/03/20 05:58:04 MDT,1.4,8.4
2020/03/19 22:03:41 MDT,1.4,8.8
2020/03/19 14:29:10 MDT,1.4,8.7
2020/03/19 11:53:13 MDT,1.4,6
2020/03/19 03:12:08 MDT,1.4,9.8
2020/03/19 01:22:07 MDT,1.4,11
2020/03/19 00:54:54 MDT,1.4,8.1
2020/03/18 19:33:27 MDT,1.4,9.8
2020/03/18 18:09:15 MDT,1.4,9.2
2020/03/18 11:45:10 MDT,1.4,8.8
2020/03/18 11:13:35 MDT,1.4,8.5
2020/03/18 10:34:47 MDT,1.4,8.4
2020/03/18 10:29:27 MDT,1.4,8.6
2020/03/18 10:17:58 MDT,1.4,6.8
2020/03/18 10:13:07 MDT,1.4,8.7
2020/03/18 09:43:37 MDT,1.4,6.8
2020/03/18 07:46:27 MDT,1.4,6.9
2020/03/18 07:44:51 MDT,1.4,8.2
2020/03/17 16:07:17 MDT,1.4,5.2
2020/03/17 14:08:38 MDT,1.4,10.5
2020/03/16 04:19:21 MDT,1.4,17.8
2020/03/15 21:04:21 MDT,1.4,0
2020/03/13 20:16:23 MDT,1.4,11.1
2020/03/13 08:24:36 MDT,1.4,5.4
2020/03/13 06:03:43 MDT,1.4,0.2
2020/03/11 19:42:24 MDT,1.4,4.1
2020/03/26 04:54:03 MDT,1.3,1.9
2020/03/25 20:03:47 MDT,1.3,9.6
2020/03/24 06:50:54 MDT,1.3,4.2
2020/03/23 12:41:40 MDT,1.3,9.9
2020/03/23 01:08:03 MDT,1.3,11.4
2020/03/22 03:47:16 MDT,1.3,7.8
2020/03/21 12:52:09 MDT,1.3,9.1
2020/03/21 07:44:02 MDT,1.3,8.8
2020/03/21 01:14:19 MDT,1.3,2
2020/03/20 22:33:27 MDT,1.3,7.9
2020/03/20 18:56:48 MDT,1.3,3.2
2020/03/20 04:20:33 MDT,1.3,9.4
2020/03/20 01:41:56 MDT,1.3,8.1
2020/03/19 20:03:09 MDT,1.3,4
2020/03/19 13:22:50 MDT,1.3,11.1
2020/03/19 08:19:51 MDT,1.3,7.7
2020/03/19 07:05:57 MDT,1.3,7
2020/03/19 05:10:01 MDT,1.3,9.8
2020/03/19 03:35:07 MDT,1.3,7.2
2020/03/18 20:49:31 MDT,1.3,8.5
2020/03/18 20:13:47 MDT,1.3,10.3
2020/03/18 15:16:41 MDT,1.3,9
2020/03/18 14:32:27 MDT,1.3,7.4
2020/03/18 12:52:43 MDT,1.3,10.4
2020/03/18 12:38:47 MDT,1.3,10.6
2020/03/18 11:11:39 MDT,1.3,8.1
2020/03/18 10:45:40 MDT,1.3,7
2020/03/18 10:37:34 MDT,1.3,7.5
2020/03/18 10:29:13 MDT,1.3,8.4
2020/03/18 10:22:03 MDT,1.3,7.8
2020/03/18 09:19:30 MDT,1.3,9.4
2020/03/18 08:44:27 MDT,1.3,10.1
2020/03/18 08:38:56 MDT,1.3,9
2020/03/18 08:18:58 MDT,1.3,2.2
2020/03/18 07:40:56 MDT,1.3,8.4
2020/03/17 01:05:50 MDT,1.3,-0.9
2020/03/14 10:59:14 MDT,1.3,5.5
2020/03/14 08:46:42 MDT,1.3,9.4
2020/03/13 19:01:54 MDT,1.3,4.7
2020/03/25 01:19:40 MDT,1.2,4.6
2020/03/22 10:07:55 MDT,1.2,2.8
2020/03/22 02:29:13 MDT,1.2,9.6
2020/03/21 21:07:18 MDT,1.2,10.1
2020/03/21 19:23:08 MDT,1.2,9.3
2020/03/21 17:51:08 MDT,1.2,9.4
2020/03/21 17:34:04 MDT,1.2,10.3
2020/03/21 13:35:32 MDT,1.2,8.1
2020/03/21 09:46:48 MDT,1.2,8.8
2020/03/21 08:09:07 MDT,1.2,11.7
2020/03/20 23:41:53 MDT,1.2,9.8
2020/03/19 20:04:02 MDT,1.2,6
2020/03/19 07:22:10 MDT,1.2,9.5
2020/03/19 07:12:50 MDT,1.2,7.4
2020/03/19 03:40:36 MDT,1.2,8.3
2020/03/19 01:13:06 MDT,1.2,10.2
2020/03/18 16:37:28 MDT,1.2,6.7
2020/03/18 15:21:14 MDT,1.2,7
2020/03/18 15:01:43 MDT,1.2,7.8
2020/03/18 12:30:24 MDT,1.2,6.3
2020/03/18 12:22:01 MDT,1.2,8
2020/03/18 11:11:23 MDT,1.2,5.6
2020/03/18 09:28:16 MDT,1.2,6.8
2020/03/18 09:27:52 MDT,1.2,7.7
2020/03/18 08:00:18 MDT,1.2,9.1
2020/03/18 04:56:53 MDT,1.2,3.7
2020/03/17 00:35:25 MDT,1.2,-2.2
2020/03/15 13:01:47 MDT,1.2,3.7
2020/03/14 15:58:16 MDT,1.2,7.7
2020/03/14 08:24:50 MDT,1.2,9.6
2020/03/14 01:23:50 MDT,1.2,8.6
2020/03/26 08:27:40 MDT,1.1,1.6
2020/03/26 02:58:40 MDT,1.1,10.5
2020/03/24 23:44:08 MDT,1.1,10.6
2020/03/24 22:41:46 MDT,1.1,10.8
2020/03/24 19:25:14 MDT,1.1,2.5
2020/03/24 14:10:10 MDT,1.1,7.5
2020/03/24 09:23:08 MDT,1.1,5.5
2020/03/23 16:28:19 MDT,1.1,6
2020/03/23 07:48:15 MDT,1.1,11.3
2020/03/23 00:59:47 MDT,1.1,9.3
2020/03/23 00:37:22 MDT,1.1,9.8
2020/03/23 00:35:46 MDT,1.1,11.6
2020/03/22 21:00:21 MDT,1.1,8.6
2020/03/22 14:22:59 MDT,1.1,9.7
2020/03/22 06:25:25 MDT,1.1,9.2
2020/03/22 05:53:28 MDT,1.1,10.6
2020/03/22 05:25:16 MDT,1.1,8.1
2020/03/21 14:18:27 MDT,1.1,9.3
2020/03/20 23:47:15 MDT,1.1,8.5
2020/03/20 19:42:23 MDT,1.1,7.3
2020/03/20 15:53:04 MDT,1.1,7.7
2020/03/20 09:03:32 MDT,1.1,7.7
2020/03/20 04:35:46 MDT,1.1,8.9
2020/03/19 21:38:01 MDT,1.1,10.3
2020/03/19 20:13:08 MDT,1.1,11.6
2020/03/19 14:37:39 MDT,1.1,10.4
2020/03/19 11:43:18 MDT,1.1,8.8
2020/03/19 09:55:02 MDT,1.1,6.2
2020/03/19 00:58:42 MDT,1.1,7.9
2020/03/18 21:56:51 MDT,1.1,8.9
2020/03/18 21:34:14 MDT,1.1,9.3
2020/03/18 15:10:54 MDT,1.1,5.5
2020/03/18 14:45:34 MDT,1.1,9.8
2020/03/18 13:00:37 MDT,1.1,8.2
2020/03/18 12:50:59 MDT,1.1,8.3
2020/03/18 10:32:22 MDT,1.1,9.1
2020/03/18 09:08:36 MDT,1.1,7.8
2020/03/18 09:08:09 MDT,1.1,5.1
2020/03/18 08:50:55 MDT,1.1,9.5
2020/03/17 09:42:16 MDT,1.1,5.3
2020/03/15 09:18:19 MDT,1.1,2.6
2020/03/15 00:04:58 MDT,1.1,6.3
2020/03/14 16:26:39 MDT,1.1,4.5
2020/03/25 08:41:04 MDT,1,8.3
2020/03/25 04:27:45 MDT,1,4.8
2020/03/24 08:47:53 MDT,1,10.7
2020/03/23 22:27:15 MDT,1,8.4
2020/03/23 19:33:22 MDT,1,8.7
2020/03/23 18:39:31 MDT,1,5.8
2020/03/23 02:50:29 MDT,1,8.4
2020/03/22 20:33:46 MDT,1,7.4
2020/03/22 16:59:16 MDT,1,9.1
2020/03/22 14:27:08 MDT,1,9.9
2020/03/22 13:37:40 MDT,1,9.5
2020/03/22 03:37:44 MDT,1,8.9
2020/03/22 01:10:51 MDT,1,7.2
2020/03/21 16:42:18 MDT,1,10
2020/03/21 10:01:28 MDT,1,11.9
2020/03/21 08:55:18 MDT,1,9.5
2020/03/21 05:24:16 MDT,1,12.6
2020/03/21 04:33:45 MDT,1,9.8
2020/03/19 17:56:39 MDT,1,0.3
2020/03/18 22:20:32 MDT,1,9.6
2020/03/18 19:13:37 MDT,1,10
2020/03/18 13:17:36 MDT,1,5.3
2020/03/18 13:02:48 MDT,1,8
2020/03/18 11:12:28 MDT,1,8.7
2020/03/18 10:42:49 MDT,1,9.1
2020/03/18 09:17:44 MDT,1,5.3
2020/03/18 08:26:33 MDT,1,7.2
2020/03/17 20:20:15 MDT,1,6.1
2020/03/16 13:03:47 MDT,1,5.8
2020/03/16 01:47:13 MDT,1,4
2020/03/14 23:06:17 MDT,1,14.8
2020/03/14 05:52:12 MDT,1,6
2020/03/11 23:04:51 MDT,1,7.6
2020/03/26 05:43:09 MDT,0.9,9.9
2020/03/24 01:38:09 MDT,0.9,7.9
2020/03/23 07:41:21 MDT,0.9,12.2
2020/03/23 05:27:51 MDT,0.9,8.1
2020/03/23 02:50:56 MDT,0.9,9.8
2020/03/22 21:38:49 MDT,0.9,8.8
2020/03/22 19:33:51 MDT,0.9,9.1
2020/03/22 10:18:14 MDT,0.9,11.7
2020/03/22 05:27:11 MDT,0.9,10.2
2020/03/21 18:37:28 MDT,0.9,2
2020/03/21 15:48:01 MDT,0.9,9.1
2020/03/21 14:36:16 MDT,0.9,11.2
2020/03/21 10:00:46 MDT,0.9,11.6
2020/03/21 09:13:35 MDT,0.9,7.2
2020/03/20 22:46:23 MDT,0.9,7.4
2020/03/20 19:33:21 MDT,0.9,6.7
2020/03/20 19:30:32 MDT,0.9,3.1
2020/03/20 10:16:15 MDT,0.9,9.5
2020/03/20 07:36:00 MDT,0.9,8.3
2020/03/20 00:20:33 MDT,0.9,3.7
2020/03/19 23:42:49 MDT,0.9,5.5
2020/03/19 18:10:39 MDT,0.9,8
2020/03/18 16:43:20 MDT,0.9,8.8
2020/03/18 13:58:00 MDT,0.9,5.2
2020/03/18 13:06:05 MDT,0.9,7.5
2020/03/18 13:03:39 MDT,0.9,7.4
2020/03/18 10:06:17 MDT,0.9,8.8
2020/03/18 10:01:43 MDT,0.9,5.3
2020/03/17 05:37:21 MDT,0.9,9.2
2020/03/15 20:58:09 MDT,0.9,4.3
2020/03/15 14:10:29 MDT,0.9,8.5
2020/03/15 03:34:03 MDT,0.9,0.9
2020/03/15 01:21:29 MDT,0.9,1.8
2020/03/14 13:55:24 MDT,0.9,9.3
2020/03/14 08:39:47 MDT,0.9,4.7
2020/03/12 17:37:24 MDT,0.9,2
2020/03/26 04:07:43 MDT,0.8,6.2
2020/03/25 21:53:06 MDT,0.8,14.2
2020/03/25 08:04:51 MDT,0.8,11.9
2020/03/25 04:38:50 MDT,0.8,10.5
2020/03/24 20:39:35 MDT,0.8,10.6
2020/03/24 06:49:01 MDT,0.8,8.6
2020/03/24 00:27:22 MDT,0.8,14.2
2020/03/23 19:43:33 MDT,0.8,8.3
2020/03/23 15:28:18 MDT,0.8,8.8
2020/03/23 10:58:04 MDT,0.8,12.5
2020/03/22 22:40:47 MDT,0.8,7.8
2020/03/22 20:53:48 MDT,0.8,7.5
2020/03/22 19:44:06 MDT,0.8,7
2020/03/22 13:53:50 MDT,0.8,4.9
2020/03/22 02:48:13 MDT,0.8,8.7
2020/03/21 22:32:45 MDT,0.8,9.1
2020/03/21 21:31:17 MDT,0.8,9.4
2020/03/21 21:15:57 MDT,0.8,9.1
2020/03/21 16:31:50 MDT,0.8,8.9
2020/03/20 20:35:09 MDT,0.8,17.1
2020/03/20 13:08:58 MDT,0.8,10.3
2020/03/20 10:13:19 MDT,0.8,4.8
2020/03/19 18:12:02 MDT,0.8,7.7
2020/03/19 07:02:41 MDT,0.8,8.9
2020/03/18 19:47:11 MDT,0.8,9.9
2020/03/18 17:57:55 MDT,0.8,9.3
2020/03/18 12:35:03 MDT,0.8,9.8
2020/03/18 10:20:17 MDT,0.8,8.4
2020/03/17 15:09:29 MDT,0.8,6
2020/03/16 16:04:27 MDT,0.8,11.9
2020/03/14 23:42:13 MDT,0.8,3
2020/03/14 21:27:24 MDT,0.8,13.6
2020/03/14 15:00:20 MDT,0.8,9.1
2020/03/14 02:12:03 MDT,0.8,1.7
2020/03/13 10:59:28 MDT,0.8,5.5
2020/03/12 09:00:11 MDT,0.8,4.4
2020/03/26 04:22:51 MDT,0.7,8
2020/03/25 22:32:08 MDT,0.7,9.9
2020/03/25 03:21:25 MDT,0.7,5.2
2020/03/24 02:36:57 MDT,0.7,7.8
2020/03/23 05:11:07 MDT,0.7,5
2020/03/23 01:13:31 MDT,0.7,9.4
2020/03/22 20:43:20 MDT,0.7,10.4
2020/03/22 17:04:14 MDT,0.7,16.1
2020/03/22 05:44:01 MDT,0.7,10.2
2020/03/21 22:58:32 MDT,0.7,8.9
2020/03/21 22:57:53 MDT,0.7,8.7
2020/03/21 22:57:24 MDT,0.7,8.6
2020/03/21 14:48:50 MDT,0.7,6
2020/03/21 10:35:54 MDT,0.7,12.6
2020/03/21 05:04:08 MDT,0.7,9.3
2020/03/21 04:24:51 MDT,0.7,11.9
2020/03/19 18:07:41 MDT,0.7,8.6
2020/03/19 14:00:11 MDT,0.7,3.1
2020/03/18 20:15:58 MDT,0.7,7.4
2020/03/18 14:59:15 MDT,0.7,5.3
2020/03/18 10:19:47 MDT,0.7,9.7
2020/03/18 07:46:41 MDT,0.7,7.1
2020/03/18 01:23:18 MDT,0.7,5.1
2020/03/16 14:53:13 MDT,0.7,6
2020/03/16 14:48:37 MDT,0.7,6
2020/03/14 18:28:01 MDT,0.7,11.6
2020/03/14 10:27:47 MDT,0.7,7
2020/03/13 10:16:00 MDT,0.7,0.1
2020/03/13 09:20:39 MDT,0.7,10.5
2020/03/12 18:52:44 MDT,0.7,4.8
2020/03/24 23:42:08 MDT,0.6,10.8
2020/03/24 00:14:44 MDT,0.6,4.1
2020/03/23 09:01:19 MDT,0.6,8.5
2020/03/23 08:01:02 MDT,0.6,6
2020/03/23 05:05:32 MDT,0.6,12.7
2020/03/23 01:19:21 MDT,0.6,8.9
2020/03/22 16:38:18 MDT,0.6,6.7
2020/03/22 05:43:43 MDT,0.6,10.4
2020/03/21 23:04:14 MDT,0.6,8.7
2020/03/21 13:04:33 MDT,0.6,8.3
2020/03/21 10:04:19 MDT,0.6,14.5
2020/03/19 20:17:12 MDT,0.6,16
2020/03/18 19:37:25 MDT,0.6,5.9
2020/03/16 14:26:40 MDT,0.6,6
2020/03/14 19:46:21 MDT,0.6,5.9
2020/03/14 10:16:09 MDT,0.6,-0.2
2020/03/14 08:39:58 MDT,0.6,3.5
2020/03/13 04:19:13 MDT,0.6,12.4
2020/03/25 07:26:31 MDT,0.5,1.5
2020/03/25 03:01:50 MDT,0.5,7.8
2020/03/25 01:19:38 MDT,0.5,2.5
2020/03/24 15:10:21 MDT,0.5,4.8
2020/03/23 11:46:35 MDT,0.5,2.9
2020/03/22 02:58:45 MDT,0.5,8.1
2020/03/21 02:58:19 MDT,0.5,8
2020/03/18 19:37:51 MDT,0.5,2.1
2020/03/17 07:39:39 MDT,0.5,2.6
2020/03/16 06:20:44 MDT,0.5,-0.3
2020/03/15 19:11:19 MDT,0.5,4.3
2020/03/14 21:28:35 MDT,0.5,10.7
2020/03/14 10:16:44 MDT,0.5,2.3
2020/03/14 04:07:31 MDT,0.5,9.5
2020/03/13 23:00:02 MDT,0.5,0
2020/03/13 18:02:42 MDT,0.5,9.5
2020/03/13 10:14:50 MDT,0.5,0.1
2020/03/26 06:23:19 MDT,0.4,7.7
2020/03/26 06:12:08 MDT,0.4,7.7
2020/03/26 04:13:49 MDT,0.4,11.7
2020/03/25 21:21:47 MDT,0.4,9.4
2020/03/25 17:24:53 MDT,0.4,5
2020/03/25 05:37:58 MDT,0.4,8
2020/03/24 23:55:52 MDT,0.4,9.7
2020/03/24 06:16:56 MDT,0.4,4.1
2020/03/24 06:12:00 MDT,0.4,9
2020/03/24 03:12:46 MDT,0.4,6
2020/03/23 09:38:36 MDT,0.4,7.3
2020/03/23 07:41:37 MDT,0.4,10.6
2020/03/23 01:59:03 MDT,0.4,7.5
2020/03/22 20:53:15 MDT,0.4,7.9
2020/03/22 03:48:04 MDT,0.4,5.9
2020/03/21 10:06:34 MDT,0.4,6
2020/03/21 05:14:02 MDT,0.4,13.3
2020/03/21 03:34:27 MDT,0.4,11.8
2020/03/21 03:19:18 MDT,0.4,6
2020/03/18 18:53:55 MDT,0.4,12.9
2020/03/17 05:40:00 MDT,0.4,9.3
2020/03/16 03:59:26 MDT,0.4,1.9
2020/03/14 22:29:13 MDT,0.4,6.2
2020/03/14 19:40:36 MDT,0.4,6.2
2020/03/14 08:42:07 MDT,0.4,4.7
2020/03/14 04:07:31 MDT,0.4,9.3
2020/03/13 00:52:35 MDT,0.4,3.4
2020/03/25 22:18:52 MDT,0.3,4.2
2020/03/23 21:25:13 MDT,0.3,6
2020/03/23 07:31:18 MDT,0.3,6
2020/03/23 01:57:27 MDT,0.3,8.6
2020/03/23 01:30:20 MDT,0.3,11.2
2020/03/22 00:03:41 MDT,0.3,11.1
2020/03/21 03:40:02 MDT,0.3,9.7
2020/03/20 03:04:47 MDT,0.3,11.1
2020/03/18 19:37:02 MDT,0.3,1.4
2020/03/17 16:32:29 MDT,0.3,4
2020/03/17 01:31:38 MDT,0.3,2
2020/03/25 07:40:35 MDT,0.2,9
2020/03/25 00:14:08 MDT,0.2,10.3
2020/03/24 14:15:19 MDT,0.2,4.8
2020/03/24 04:01:12 MDT,0.2,6
2020/03/23 20:33:14 MDT,0.2,7.7
2020/03/21 22:58:28 MDT,0.2,9.4
2020/03/20 07:28:02 MDT,0.2,0.3
2020/03/20 06:11:35 MDT,0.2,15.1
2020/03/16 22:14:24 MDT,0.2,1.3
2020/03/15 19:51:36 MDT,0.2,4.9
2020/03/13 19:10:03 MDT,0.2,9.1
2020/03/13 10:18:25 MDT,0.2,0.2
2020/03/13 10:14:36 MDT,0.2,0.2
2020/03/12 15:55:08 MDT,0.2,0.1
2020/03/25 18:56:56 MDT,0.1,9.7
2020/03/25 17:48:34 MDT,0.1,7.7
2020/03/24 09:39:21 MDT,0.1,6
2020/03/13 19:20:28 MDT,0.1,8.3
2020/03/13 10:14:05 MDT,0.1,-0.2
2020/03/12 15:54:52 MDT,0.1,0.1
2020/03/11 21:50:13 MDT,0.1,0
2020/03/25 06:49:47 MDT,0,8.3
2020/03/24 17:29:50 MDT,0,3.2
2020/03/15 20:37:44 MDT,0,6
2020/03/13 10:19:12 MDT,0,0.2
2020/03/18 07:09:31 MDT,5.7,11.9
2020/03/18 13:12:23 MDT,4.6,10.7
2020/03/18 08:02:12 MDT,4.6,9.1
2020/03/18 07:10:16 MDT,4,6.9
2020/03/22 19:17:15 MDT,3.9,10
2020/03/18 07:32:29 MDT,3.9,9.5
2020/03/18 07:10:08 MDT,3.9,8.5
2020/03/18 07:23:19 MDT,3.7,11.1
2020/03/18 07:22:02 MDT,3.7,8.6
2020/03/18 07:15:11 MDT,3.7,8.9
2020/03/18 07:14:21 MDT,3.7,8.1
